Rank,Title,Year,Rating,URL
1,Bright,2017,6.5,https://www.imdb.com/title/tt5519340/?pf_rd_m=A2FGELUUNOQJNL&pf_rd_p=2240084082&pf_rd_r=179NF635AX41PN9KBAJC&pf_rd_s=center-1&pf_rd_t=15506&pf_rd_i=moviemeter&ref_=chtmvm_tt_1
2,Star Wars: The Last Jedi,2017,7.5,https://www.imdb.com/title/tt2527336/?pf_rd_m=A2FGELUUNOQJNL&pf_rd_p=2240084082&pf_rd_r=179NF635AX41PN9KBAJC&pf_rd_s=center-1&pf_rd_t=15506&pf_rd_i=moviemeter&ref_=chtmvm_tt_2
3,Jumanji: Welcome to the Jungle,2017,7.3,https://www.imdb.com/title/tt2283362/?pf_rd_m=A2FGELUUNOQJNL&pf_rd_p=2240084082&pf_rd_r=179NF635AX41PN9KBAJC&pf_rd_s=center-1&pf_rd_t=15506&pf_rd_i=moviemeter&ref_=chtmvm_tt_3
4,The Greatest Showman,2017,8.0,https://www.imdb.com/title/tt1485796/?pf_rd_m=A2FGELUUNOQJNL&pf_rd_p=2240084082&pf_rd_r=179NF635AX41PN9KBAJC&pf_rd_s=center-1&pf_rd_t=15506&pf_rd_i=moviemeter&ref_=chtmvm_tt_4
5,Justice League,2017,7.0,https://www.imdb.com/title/tt0974015/?pf_rd_m=A2FGELUUNOQJNL&pf_rd_p=2240084082&pf_rd_r=179NF635AX41PN9KBAJC&pf_rd_s=center-1&pf_rd_t=15506&pf_rd_i=moviemeter&ref_=chtmvm_tt_5
6,Blade Runner 2049,2017,8.3,https://www.imdb.com/title/tt1856101/?pf_rd_m=A2FGELUUNOQJNL&pf_rd_p=2240084082&pf_rd_r=179NF635AX41PN9KBAJC&pf_rd_s=center-1&pf_rd_t=15506&pf_rd_i=moviemeter&ref_=chtmvm_tt_6
7,The Shape of Water,2017,8.2,https://www.imdb.com/title/tt5580390/?pf_rd_m=A2FGELUUNOQJNL&pf_rd_p=2240084082&pf_rd_r=179NF635AX41PN9KBAJC&pf_rd_s=center-1&pf_rd_t=15506&pf_rd_i=moviemeter&ref_=chtmvm_tt_7
8,Pitch Perfect 3,2017,6.3,https://www.imdb.com/title/tt4765284/?pf_rd_m=A2FGELUUNOQJNL&pf_rd_p=2240084082&pf_rd_r=179NF635AX41PN9KBAJC&pf_rd_s=center-1&pf_rd_t=15506&pf_rd_i=moviemeter&ref_=chtmvm_tt_8
9,Dunkirk,2017,8.1,https://www.imdb.com/title/tt5013056/?pf_rd_m=A2FGELUUNOQJNL&pf_rd_p=2240084082&pf_rd_r=179NF635AX41PN9KBAJC&pf_rd_s=center-1&pf_rd_t=15506&pf_rd_i=moviemeter&ref_=chtmvm_tt_9
10,It,2017,7.6,https://www.imdb.com/title/tt1396484/?pf_rd_m=A2FGELUUNOQJNL&pf_rd_p=2240084082&pf_rd_r=179NF635AX41PN9KBAJC&pf_rd_s=center-1&pf_rd_t=15506&pf_rd_i=moviemeter&ref_=chtmvm_tt_10
11,Coco,2017,8.7,https://www.imdb.com/title/tt2380307/?pf_rd_m=A2FGELUUNOQJNL&pf_rd_p=2240084082&pf_rd_r=179NF635AX41PN9KBAJC&pf_rd_s=center-1&pf_rd_t=15506&pf_rd_i=moviemeter&ref_=chtmvm_tt_11
12,National Lampoon's Christmas Vacation,1989,7.6,https://www.imdb.com/title/tt0097958/?pf_rd_m=A2FGELUUNOQJNL&pf_rd_p=2240084082&pf_rd_r=179NF635AX41PN9KBAJC&pf_rd_s=center-1&pf_rd_t=15506&pf_rd_i=moviemeter&ref_=chtmvm_tt_12
13,Thor Ragnarok,2017,8.1,https://www.imdb.com/title/tt3501632/?pf_rd_m=A2FGELUUNOQJNL&pf_rd_p=2240084082&pf_rd_r=179NF635AX41PN9KBAJC&pf_rd_s=center-1&pf_rd_t=15506&pf_rd_i=moviemeter&ref_=chtmvm_tt_13
14,Downsizing,2017,5.8,https://www.imdb.com/title/tt1389072/?pf_rd_m=A2FGELUUNOQJNL&pf_rd_p=2240084082&pf_rd_r=179NF635AX41PN9KBAJC&pf_rd_s=center-1&pf_rd_t=15506&pf_rd_i=moviemeter&ref_=chtmvm_tt_14
15,A Christmas Story,1983,8.0,https://www.imdb.com/title/tt0085334/?pf_rd_m=A2FGELUUNOQJNL&pf_rd_p=2240084082&pf_rd_r=179NF635AX41PN9KBAJC&pf_rd_s=center-1&pf_rd_t=15506&pf_rd_i=moviemeter&ref_=chtmvm_tt_15
16,Molly's Game,2017,7.7,https://www.imdb.com/title/tt4209788/?pf_rd_m=A2FGELUUNOQJNL&pf_rd_p=2240084082&pf_rd_r=179NF635AX41PN9KBAJC&pf_rd_s=center-1&pf_rd_t=15506&pf_rd_i=moviemeter&ref_=chtmvm_tt_16
17,Kingsman: The Golden Circle,2017,6.9,https://www.imdb.com/title/tt4649466/?pf_rd_m=A2FGELUUNOQJNL&pf_rd_p=2240084082&pf_rd_r=179NF635AX41PN9KBAJC&pf_rd_s=center-1&pf_rd_t=15506&pf_rd_i=moviemeter&ref_=chtmvm_tt_17
18,Love Actually,2003,7.6,https://www.imdb.com/title/tt0314331/?pf_rd_m=A2FGELUUNOQJNL&pf_rd_p=2240084082&pf_rd_r=179NF635AX41PN9KBAJC&pf_rd_s=center-1&pf_rd_t=15506&pf_rd_i=moviemeter&ref_=chtmvm_tt_18
19,All the Money in the World,2017,7.2,https://www.imdb.com/title/tt5294550/?pf_rd_m=A2FGELUUNOQJNL&pf_rd_p=2240084082&pf_rd_r=179NF635AX41PN9KBAJC&pf_rd_s=center-1&pf_rd_t=15506&pf_rd_i=moviemeter&ref_=chtmvm_tt_19
20,Solo: A Star Wars Story,2018,NA,https://www.imdb.com/title/tt3778644/?pf_rd_m=A2FGELUUNOQJNL&pf_rd_p=2240084082&pf_rd_r=179NF635AX41PN9KBAJC&pf_rd_s=center-1&pf_rd_t=15506&pf_rd_i=moviemeter&ref_=chtmvm_tt_20
21,Call Me by Your Name,2017,8.4,https://www.imdb.com/title/tt5726616/?pf_rd_m=A2FGELUUNOQJNL&pf_rd_p=2240084082&pf_rd_r=179NF635AX41PN9KBAJC&pf_rd_s=center-1&pf_rd_t=15506&pf_rd_i=moviemeter&ref_=chtmvm_tt_21
22,Lady Bird,2017,8.1,https://www.imdb.com/title/tt4925292/?pf_rd_m=A2FGELUUNOQJNL&pf_rd_p=2240084082&pf_rd_r=179NF635AX41PN9KBAJC&pf_rd_s=center-1&pf_rd_t=15506&pf_rd_i=moviemeter&ref_=chtmvm_tt_22
23,Home Alone,1990,7.5,https://www.imdb.com/title/tt0099785/?pf_rd_m=A2FGELUUNOQJNL&pf_rd_p=2240084082&pf_rd_r=179NF635AX41PN9KBAJC&pf_rd_s=center-1&pf_rd_t=15506&pf_rd_i=moviemeter&ref_=chtmvm_tt_23
24,Avengers: Infinity War,2018,NA,https://www.imdb.com/title/tt4154756/?pf_rd_m=A2FGELUUNOQJNL&pf_rd_p=2240084082&pf_rd_r=179NF635AX41PN9KBAJC&pf_rd_s=center-1&pf_rd_t=15506&pf_rd_i=moviemeter&ref_=chtmvm_tt_24
25,Darkest Hour,2017,7.2,https://www.imdb.com/title/tt4555426/?pf_rd_m=A2FGELUUNOQJNL&pf_rd_p=2240084082&pf_rd_r=179NF635AX41PN9KBAJC&pf_rd_s=center-1&pf_rd_t=15506&pf_rd_i=moviemeter&ref_=chtmvm_tt_25
26,Wonder,2017,8.1,https://www.imdb.com/title/tt2543472/?pf_rd_m=A2FGELUUNOQJNL&pf_rd_p=2240084082&pf_rd_r=179NF635AX41PN9KBAJC&pf_rd_s=center-1&pf_rd_t=15506&pf_rd_i=moviemeter&ref_=chtmvm_tt_26
27,It's a Wonderful Life,1946,8.6,https://www.imdb.com/title/tt0038650/?pf_rd_m=A2FGELUUNOQJNL&pf_rd_p=2240084082&pf_rd_r=179NF635AX41PN9KBAJC&pf_rd_s=center-1&pf_rd_t=15506&pf_rd_i=moviemeter&ref_=chtmvm_tt_27
28,Ferdinand,2017,6.8,https://www.imdb.com/title/tt3411444/?pf_rd_m=A2FGELUUNOQJNL&pf_rd_p=2240084082&pf_rd_r=179NF635AX41PN9KBAJC&pf_rd_s=center-1&pf_rd_t=15506&pf_rd_i=moviemeter&ref_=chtmvm_tt_28
29,How the Grinch Stole Christmas,2000,6.1,https://www.imdb.com/title/tt0170016/?pf_rd_m=A2FGELUUNOQJNL&pf_rd_p=2240084082&pf_rd_r=179NF635AX41PN9KBAJC&pf_rd_s=center-1&pf_rd_t=15506&pf_rd_i=moviemeter&ref_=chtmvm_tt_29
30,The Disaster Artist,2017,8.0,https://www.imdb.com/title/tt3521126/?pf_rd_m=A2FGELUUNOQJNL&pf_rd_p=2240084082&pf_rd_r=179NF635AX41PN9KBAJC&pf_rd_s=center-1&pf_rd_t=15506&pf_rd_i=moviemeter&ref_=chtmvm_tt_30
31,Mother!,2017,6.8,https://www.imdb.com/title/tt5109784/?pf_rd_m=A2FGELUUNOQJNL&pf_rd_p=2240084082&pf_rd_r=179NF635AX41PN9KBAJC&pf_rd_s=center-1&pf_rd_t=15506&pf_rd_i=moviemeter&ref_=chtmvm_tt_31
32,Guardians of the Galaxy: Vol. 2,2017,7.8,https://www.imdb.com/title/tt3896198/?pf_rd_m=A2FGELUUNOQJNL&pf_rd_p=2240084082&pf_rd_r=179NF635AX41PN9KBAJC&pf_rd_s=center-1&pf_rd_t=15506&pf_rd_i=moviemeter&ref_=chtmvm_tt_32
33,Star Wars: The Force Awakens,2015,8.0,https://www.imdb.com/title/tt2488496/?pf_rd_m=A2FGELUUNOQJNL&pf_rd_p=2240084082&pf_rd_r=179NF635AX41PN9KBAJC&pf_rd_s=center-1&pf_rd_t=15506&pf_rd_i=moviemeter&ref_=chtmvm_tt_33
34,"Three Billboards Outside Ebbing, Missouri",2017,8.4,https://www.imdb.com/title/tt5027774/?pf_rd_m=A2FGELUUNOQJNL&pf_rd_p=2240084082&pf_rd_r=179NF635AX41PN9KBAJC&pf_rd_s=center-1&pf_rd_t=15506&pf_rd_i=moviemeter&ref_=chtmvm_tt_34
35,"I, Tonya",2017,7.7,https://www.imdb.com/title/tt5580036/?pf_rd_m=A2FGELUUNOQJNL&pf_rd_p=2240084082&pf_rd_r=179NF635AX41PN9KBAJC&pf_rd_s=center-1&pf_rd_t=15506&pf_rd_i=moviemeter&ref_=chtmvm_tt_35
36,The Foreigner,2017,7.1,https://www.imdb.com/title/tt1615160/?pf_rd_m=A2FGELUUNOQJNL&pf_rd_p=2240084082&pf_rd_r=179NF635AX41PN9KBAJC&pf_rd_s=center-1&pf_rd_t=15506&pf_rd_i=moviemeter&ref_=chtmvm_tt_36
37,White Christmas,1954,7.6,https://www.imdb.com/title/tt0047673/?pf_rd_m=A2FGELUUNOQJNL&pf_rd_p=2240084082&pf_rd_r=179NF635AX41PN9KBAJC&pf_rd_s=center-1&pf_rd_t=15506&pf_rd_i=moviemeter&ref_=chtmvm_tt_37
38,The Post,2017,6.8,https://www.imdb.com/title/tt6294822/?pf_rd_m=A2FGELUUNOQJNL&pf_rd_p=2240084082&pf_rd_r=179NF635AX41PN9KBAJC&pf_rd_s=center-1&pf_rd_t=15506&pf_rd_i=moviemeter&ref_=chtmvm_tt_38
39,Rogue One,2016,7.8,https://www.imdb.com/title/tt3748528/?pf_rd_m=A2FGELUUNOQJNL&pf_rd_p=2240084082&pf_rd_r=179NF635AX41PN9KBAJC&pf_rd_s=center-1&pf_rd_t=15506&pf_rd_i=moviemeter&ref_=chtmvm_tt_39
40,Mamma Mia! Here We Go Again,2018,NA,https://www.imdb.com/title/tt6911608/?pf_rd_m=A2FGELUUNOQJNL&pf_rd_p=2240084082&pf_rd_r=179NF635AX41PN9KBAJC&pf_rd_s=center-1&pf_rd_t=15506&pf_rd_i=moviemeter&ref_=chtmvm_tt_40
41,Get Out,2017,7.7,https://www.imdb.com/title/tt5052448/?pf_rd_m=A2FGELUUNOQJNL&pf_rd_p=2240084082&pf_rd_r=179NF635AX41PN9KBAJC&pf_rd_s=center-1&pf_rd_t=15506&pf_rd_i=moviemeter&ref_=chtmvm_tt_41
42,Beauty and the Beast,2017,7.3,https://www.imdb.com/title/tt2771200/?pf_rd_m=A2FGELUUNOQJNL&pf_rd_p=2240084082&pf_rd_r=179NF635AX41PN9KBAJC&pf_rd_s=center-1&pf_rd_t=15506&pf_rd_i=moviemeter&ref_=chtmvm_tt_42
43,Black Panther,2018,NA,https://www.imdb.com/title/tt1825683/?pf_rd_m=A2FGELUUNOQJNL&pf_rd_p=2240084082&pf_rd_r=179NF635AX41PN9KBAJC&pf_rd_s=center-1&pf_rd_t=15506&pf_rd_i=moviemeter&ref_=chtmvm_tt_43
44,Elf,2003,6.9,https://www.imdb.com/title/tt0319343/?pf_rd_m=A2FGELUUNOQJNL&pf_rd_p=2240084082&pf_rd_r=179NF635AX41PN9KBAJC&pf_rd_s=center-1&pf_rd_t=15506&pf_rd_i=moviemeter&ref_=chtmvm_tt_44
45,The Mountain Between Us,2017,6.4,https://www.imdb.com/title/tt2226597/?pf_rd_m=A2FGELUUNOQJNL&pf_rd_p=2240084082&pf_rd_r=179NF635AX41PN9KBAJC&pf_rd_s=center-1&pf_rd_t=15506&pf_rd_i=moviemeter&ref_=chtmvm_tt_45
46,Jumanji,1995,6.9,https://www.imdb.com/title/tt0113497/?pf_rd_m=A2FGELUUNOQJNL&pf_rd_p=2240084082&pf_rd_r=179NF635AX41PN9KBAJC&pf_rd_s=center-1&pf_rd_t=15506&pf_rd_i=moviemeter&ref_=chtmvm_tt_46
47,Murder on the Orient Express,2017,6.8,https://www.imdb.com/title/tt3402236/?pf_rd_m=A2FGELUUNOQJNL&pf_rd_p=2240084082&pf_rd_r=179NF635AX41PN9KBAJC&pf_rd_s=center-1&pf_rd_t=15506&pf_rd_i=moviemeter&ref_=chtmvm_tt_47
48,Die Hard,1988,8.2,https://www.imdb.com/title/tt0095016/?pf_rd_m=A2FGELUUNOQJNL&pf_rd_p=2240084082&pf_rd_r=179NF635AX41PN9KBAJC&pf_rd_s=center-1&pf_rd_t=15506&pf_rd_i=moviemeter&ref_=chtmvm_tt_48
49,Phantom Thread,2017,8.8,https://www.imdb.com/title/tt5776858/?pf_rd_m=A2FGELUUNOQJNL&pf_rd_p=2240084082&pf_rd_r=179NF635AX41PN9KBAJC&pf_rd_s=center-1&pf_rd_t=15506&pf_rd_i=moviemeter&ref_=chtmvm_tt_49
50,X-Men: Dark Phoenix,2018,NA,https://www.imdb.com/title/tt6565702/?pf_rd_m=A2FGELUUNOQJNL&pf_rd_p=2240084082&pf_rd_r=179NF635AX41PN9KBAJC&pf_rd_s=center-1&pf_rd_t=15506&pf_rd_i=moviemeter&ref_=chtmvm_tt_50
51,The Killing of a Sacred Deer,2017,7.3,https://www.imdb.com/title/tt5715874/?pf_rd_m=A2FGELUUNOQJNL&pf_rd_p=2240084082&pf_rd_r=179NF635AX41PN9KBAJC&pf_rd_s=center-1&pf_rd_t=15506&pf_rd_i=moviemeter&ref_=chtmvm_tt_51
52,The Sound of Music,1965,8.0,https://www.imdb.com/title/tt0059742/?pf_rd_m=A2FGELUUNOQJNL&pf_rd_p=2240084082&pf_rd_r=179NF635AX41PN9KBAJC&pf_rd_s=center-1&pf_rd_t=15506&pf_rd_i=moviemeter&ref_=chtmvm_tt_52
53,Baby Driver,2017,7.7,https://www.imdb.com/title/tt3890160/?pf_rd_m=A2FGELUUNOQJNL&pf_rd_p=2240084082&pf_rd_r=179NF635AX41PN9KBAJC&pf_rd_s=center-1&pf_rd_t=15506&pf_rd_i=moviemeter&ref_=chtmvm_tt_53
54,Logan Lucky,2017,7.1,https://www.imdb.com/title/tt5439796/?pf_rd_m=A2FGELUUNOQJNL&pf_rd_p=2240084082&pf_rd_r=179NF635AX41PN9KBAJC&pf_rd_s=center-1&pf_rd_t=15506&pf_rd_i=moviemeter&ref_=chtmvm_tt_54
55,Ocean's 8,2018,NA,https://www.imdb.com/title/tt5164214/?pf_rd_m=A2FGELUUNOQJNL&pf_rd_p=2240084082&pf_rd_r=179NF635AX41PN9KBAJC&pf_rd_s=center-1&pf_rd_t=15506&pf_rd_i=moviemeter&ref_=chtmvm_tt_55
56,American Made,2017,7.2,https://www.imdb.com/title/tt3532216/?pf_rd_m=A2FGELUUNOQJNL&pf_rd_p=2240084082&pf_rd_r=179NF635AX41PN9KBAJC&pf_rd_s=center-1&pf_rd_t=15506&pf_rd_i=moviemeter&ref_=chtmvm_tt_56
57,Wonder Woman,2017,7.6,https://www.imdb.com/title/tt0451279/?pf_rd_m=A2FGELUUNOQJNL&pf_rd_p=2240084082&pf_rd_r=179NF635AX41PN9KBAJC&pf_rd_s=center-1&pf_rd_t=15506&pf_rd_i=moviemeter&ref_=chtmvm_tt_57
58,Hostiles,2017,7.2,https://www.imdb.com/title/tt5478478/?pf_rd_m=A2FGELUUNOQJNL&pf_rd_p=2240084082&pf_rd_r=179NF635AX41PN9KBAJC&pf_rd_s=center-1&pf_rd_t=15506&pf_rd_i=moviemeter&ref_=chtmvm_tt_58
59,Daddy's Home 2,2017,6.2,https://www.imdb.com/title/tt5657846/?pf_rd_m=A2FGELUUNOQJNL&pf_rd_p=2240084082&pf_rd_r=179NF635AX41PN9KBAJC&pf_rd_s=center-1&pf_rd_t=15506&pf_rd_i=moviemeter&ref_=chtmvm_tt_59
60,The Santa Clause,1994,6.4,https://www.imdb.com/title/tt0111070/?pf_rd_m=A2FGELUUNOQJNL&pf_rd_p=2240084082&pf_rd_r=179NF635AX41PN9KBAJC&pf_rd_s=center-1&pf_rd_t=15506&pf_rd_i=moviemeter&ref_=chtmvm_tt_60
61,Home Alone 2: Lost in New York,1992,6.6,https://www.imdb.com/title/tt0104431/?pf_rd_m=A2FGELUUNOQJNL&pf_rd_p=2240084082&pf_rd_r=179NF635AX41PN9KBAJC&pf_rd_s=center-1&pf_rd_t=15506&pf_rd_i=moviemeter&ref_=chtmvm_tt_61
62,Atomic Blonde,2017,6.8,https://www.imdb.com/title/tt2406566/?pf_rd_m=A2FGELUUNOQJNL&pf_rd_p=2240084082&pf_rd_r=179NF635AX41PN9KBAJC&pf_rd_s=center-1&pf_rd_t=15506&pf_rd_i=moviemeter&ref_=chtmvm_tt_62
63,Battle of the Sexes,2017,6.8,https://www.imdb.com/title/tt4622512/?pf_rd_m=A2FGELUUNOQJNL&pf_rd_p=2240084082&pf_rd_r=179NF635AX41PN9KBAJC&pf_rd_s=center-1&pf_rd_t=15506&pf_rd_i=moviemeter&ref_=chtmvm_tt_63
64,Spider-Man Homecoming,2017,7.6,https://www.imdb.com/title/tt2250912/?pf_rd_m=A2FGELUUNOQJNL&pf_rd_p=2240084082&pf_rd_r=179NF635AX41PN9KBAJC&pf_rd_s=center-1&pf_rd_t=15506&pf_rd_i=moviemeter&ref_=chtmvm_tt_64
65,Flatliners,2017,5.1,https://www.imdb.com/title/tt2039338/?pf_rd_m=A2FGELUUNOQJNL&pf_rd_p=2240084082&pf_rd_r=179NF635AX41PN9KBAJC&pf_rd_s=center-1&pf_rd_t=15506&pf_rd_i=moviemeter&ref_=chtmvm_tt_65
66,Overboard,2018,NA,https://www.imdb.com/title/tt1563742/?pf_rd_m=A2FGELUUNOQJNL&pf_rd_p=2240084082&pf_rd_r=179NF635AX41PN9KBAJC&pf_rd_s=center-1&pf_rd_t=15506&pf_rd_i=moviemeter&ref_=chtmvm_tt_66
67,The Snowman,2017,5.1,https://www.imdb.com/title/tt1758810/?pf_rd_m=A2FGELUUNOQJNL&pf_rd_p=2240084082&pf_rd_r=179NF635AX41PN9KBAJC&pf_rd_s=center-1&pf_rd_t=15506&pf_rd_i=moviemeter&ref_=chtmvm_tt_67
68,Star Wars: Episode IV - A New Hope,1977,8.7,https://www.imdb.com/title/tt0076759/?pf_rd_m=A2FGELUUNOQJNL&pf_rd_p=2240084082&pf_rd_r=179NF635AX41PN9KBAJC&pf_rd_s=center-1&pf_rd_t=15506&pf_rd_i=moviemeter&ref_=chtmvm_tt_68
69,Den of Thieves,2018,NA,https://www.imdb.com/title/tt1259528/?pf_rd_m=A2FGELUUNOQJNL&pf_rd_p=2240084082&pf_rd_r=179NF635AX41PN9KBAJC&pf_rd_s=center-1&pf_rd_t=15506&pf_rd_i=moviemeter&ref_=chtmvm_tt_69
70,Blade Runner,1982,8.2,https://www.imdb.com/title/tt0083658/?pf_rd_m=A2FGELUUNOQJNL&pf_rd_p=2240084082&pf_rd_r=179NF635AX41PN9KBAJC&pf_rd_s=center-1&pf_rd_t=15506&pf_rd_i=moviemeter&ref_=chtmvm_tt_70
71,Father Figures,2017,5.0,https://www.imdb.com/title/tt1966359/?pf_rd_m=A2FGELUUNOQJNL&pf_rd_p=2240084082&pf_rd_r=179NF635AX41PN9KBAJC&pf_rd_s=center-1&pf_rd_t=15506&pf_rd_i=moviemeter&ref_=chtmvm_tt_71
72,Scrooged,1988,7.0,https://www.imdb.com/title/tt0096061/?pf_rd_m=A2FGELUUNOQJNL&pf_rd_p=2240084082&pf_rd_r=179NF635AX41PN9KBAJC&pf_rd_s=center-1&pf_rd_t=15506&pf_rd_i=moviemeter&ref_=chtmvm_tt_72
73,Valerian and the City of a Thousand Planets,2017,6.5,https://www.imdb.com/title/tt2239822/?pf_rd_m=A2FGELUUNOQJNL&pf_rd_p=2240084082&pf_rd_r=179NF635AX41PN9KBAJC&pf_rd_s=center-1&pf_rd_t=15506&pf_rd_i=moviemeter&ref_=chtmvm_tt_73
74,Kingsman: The Secret Service,2014,7.7,https://www.imdb.com/title/tt2802144/?pf_rd_m=A2FGELUUNOQJNL&pf_rd_p=2240084082&pf_rd_r=179NF635AX41PN9KBAJC&pf_rd_s=center-1&pf_rd_t=15506&pf_rd_i=moviemeter&ref_=chtmvm_tt_74
75,The Polar Express,2004,6.6,https://www.imdb.com/title/tt0338348/?pf_rd_m=A2FGELUUNOQJNL&pf_rd_p=2240084082&pf_rd_r=179NF635AX41PN9KBAJC&pf_rd_s=center-1&pf_rd_t=15506&pf_rd_i=moviemeter&ref_=chtmvm_tt_75
76,Wind River,2017,7.8,https://www.imdb.com/title/tt5362988/?pf_rd_m=A2FGELUUNOQJNL&pf_rd_p=2240084082&pf_rd_r=179NF635AX41PN9KBAJC&pf_rd_s=center-1&pf_rd_t=15506&pf_rd_i=moviemeter&ref_=chtmvm_tt_76
77,The Room,2003,3.6,https://www.imdb.com/title/tt0368226/?pf_rd_m=A2FGELUUNOQJNL&pf_rd_p=2240084082&pf_rd_r=179NF635AX41PN9KBAJC&pf_rd_s=center-1&pf_rd_t=15506&pf_rd_i=moviemeter&ref_=chtmvm_tt_77
78,Logan,2017,8.1,https://www.imdb.com/title/tt3315342/?pf_rd_m=A2FGELUUNOQJNL&pf_rd_p=2240084082&pf_rd_r=179NF635AX41PN9KBAJC&pf_rd_s=center-1&pf_rd_t=15506&pf_rd_i=moviemeter&ref_=chtmvm_tt_78
79,Harry Potter and the Philosopher's Stone,2001,7.6,https://www.imdb.com/title/tt0241527/?pf_rd_m=A2FGELUUNOQJNL&pf_rd_p=2240084082&pf_rd_r=179NF635AX41PN9KBAJC&pf_rd_s=center-1&pf_rd_t=15506&pf_rd_i=moviemeter&ref_=chtmvm_tt_79
80,Mum and Dad,2017,6.6,https://www.imdb.com/title/tt5462326/?pf_rd_m=A2FGELUUNOQJNL&pf_rd_p=2240084082&pf_rd_r=179NF635AX41PN9KBAJC&pf_rd_s=center-1&pf_rd_t=15506&pf_rd_i=moviemeter&ref_=chtmvm_tt_80
81,Tiger Zinda Hai,2017,6.8,https://www.imdb.com/title/tt5956100/?pf_rd_m=A2FGELUUNOQJNL&pf_rd_p=2240084082&pf_rd_r=179NF635AX41PN9KBAJC&pf_rd_s=center-1&pf_rd_t=15506&pf_rd_i=moviemeter&ref_=chtmvm_tt_81
82,The Holiday,2006,6.9,https://www.imdb.com/title/tt0457939/?pf_rd_m=A2FGELUUNOQJNL&pf_rd_p=2240084082&pf_rd_r=179NF635AX41PN9KBAJC&pf_rd_s=center-1&pf_rd_t=15506&pf_rd_i=moviemeter&ref_=chtmvm_tt_82
83,Brawl in Cell Block 99,2017,7.2,https://www.imdb.com/title/tt5657856/?pf_rd_m=A2FGELUUNOQJNL&pf_rd_p=2240084082&pf_rd_r=179NF635AX41PN9KBAJC&pf_rd_s=center-1&pf_rd_t=15506&pf_rd_i=moviemeter&ref_=chtmvm_tt_83
84,What Happened to Monday,2017,6.9,https://www.imdb.com/title/tt1536537/?pf_rd_m=A2FGELUUNOQJNL&pf_rd_p=2240084082&pf_rd_r=179NF635AX41PN9KBAJC&pf_rd_s=center-1&pf_rd_t=15506&pf_rd_i=moviemeter&ref_=chtmvm_tt_84
85,Star Wars: Episode I - The Phantom Menace,1999,6.5,https://www.imdb.com/title/tt0120915/?pf_rd_m=A2FGELUUNOQJNL&pf_rd_p=2240084082&pf_rd_r=179NF635AX41PN9KBAJC&pf_rd_s=center-1&pf_rd_t=15506&pf_rd_i=moviemeter&ref_=chtmvm_tt_85
86,The Santa Clause 2,2002,5.6,https://www.imdb.com/title/tt0304669/?pf_rd_m=A2FGELUUNOQJNL&pf_rd_p=2240084082&pf_rd_r=179NF635AX41PN9KBAJC&pf_rd_s=center-1&pf_rd_t=15506&pf_rd_i=moviemeter&ref_=chtmvm_tt_86
87,Beyond Skyline,2017,5.5,https://www.imdb.com/title/tt1724970/?pf_rd_m=A2FGELUUNOQJNL&pf_rd_p=2240084082&pf_rd_r=179NF635AX41PN9KBAJC&pf_rd_s=center-1&pf_rd_t=15506&pf_rd_i=moviemeter&ref_=chtmvm_tt_87
88,American Assassin,2017,6.2,https://www.imdb.com/title/tt1961175/?pf_rd_m=A2FGELUUNOQJNL&pf_rd_p=2240084082&pf_rd_r=179NF635AX41PN9KBAJC&pf_rd_s=center-1&pf_rd_t=15506&pf_rd_i=moviemeter&ref_=chtmvm_tt_88
89,The Predator,2018,NA,https://www.imdb.com/title/tt3829266/?pf_rd_m=A2FGELUUNOQJNL&pf_rd_p=2240084082&pf_rd_r=179NF635AX41PN9KBAJC&pf_rd_s=center-1&pf_rd_t=15506&pf_rd_i=moviemeter&ref_=chtmvm_tt_89
90,The Hitman's Bodyguard,2017,7.0,https://www.imdb.com/title/tt1959563/?pf_rd_m=A2FGELUUNOQJNL&pf_rd_p=2240084082&pf_rd_r=179NF635AX41PN9KBAJC&pf_rd_s=center-1&pf_rd_t=15506&pf_rd_i=moviemeter&ref_=chtmvm_tt_90
91,M:I 6 - Mission Impossible,2018,NA,https://www.imdb.com/title/tt4912910/?pf_rd_m=A2FGELUUNOQJNL&pf_rd_p=2240084082&pf_rd_r=179NF635AX41PN9KBAJC&pf_rd_s=center-1&pf_rd_t=15506&pf_rd_i=moviemeter&ref_=chtmvm_tt_91
92,Mary Poppins Returns,2018,NA,https://www.imdb.com/title/tt5028340/?pf_rd_m=A2FGELUUNOQJNL&pf_rd_p=2240084082&pf_rd_r=179NF635AX41PN9KBAJC&pf_rd_s=center-1&pf_rd_t=15506&pf_rd_i=moviemeter&ref_=chtmvm_tt_92
93,Cinderella,2015,7.0,https://www.imdb.com/title/tt1661199/?pf_rd_m=A2FGELUUNOQJNL&pf_rd_p=2240084082&pf_rd_r=179NF635AX41PN9KBAJC&pf_rd_s=center-1&pf_rd_t=15506&pf_rd_i=moviemeter&ref_=chtmvm_tt_93
94,Pitch Perfect,2012,7.2,https://www.imdb.com/title/tt1981677/?pf_rd_m=A2FGELUUNOQJNL&pf_rd_p=2240084082&pf_rd_r=179NF635AX41PN9KBAJC&pf_rd_s=center-1&pf_rd_t=15506&pf_rd_i=moviemeter&ref_=chtmvm_tt_94
95,Paddington 2,2017,8.1,https://www.imdb.com/title/tt4468740/?pf_rd_m=A2FGELUUNOQJNL&pf_rd_p=2240084082&pf_rd_r=179NF635AX41PN9KBAJC&pf_rd_s=center-1&pf_rd_t=15506&pf_rd_i=moviemeter&ref_=chtmvm_tt_95
96,Suicide Squad,2016,6.1,https://www.imdb.com/title/tt1386697/?pf_rd_m=A2FGELUUNOQJNL&pf_rd_p=2240084082&pf_rd_r=179NF635AX41PN9KBAJC&pf_rd_s=center-1&pf_rd_t=15506&pf_rd_i=moviemeter&ref_=chtmvm_tt_96
97,The Godfather,1972,9.2,https://www.imdb.com/title/tt0068646/?pf_rd_m=A2FGELUUNOQJNL&pf_rd_p=2240084082&pf_rd_r=179NF635AX41PN9KBAJC&pf_rd_s=center-1&pf_rd_t=15506&pf_rd_i=moviemeter&ref_=chtmvm_tt_97
98,Kickboxer: Retaliation,2018,NA,https://www.imdb.com/title/tt5208950/?pf_rd_m=A2FGELUUNOQJNL&pf_rd_p=2240084082&pf_rd_r=179NF635AX41PN9KBAJC&pf_rd_s=center-1&pf_rd_t=15506&pf_rd_i=moviemeter&ref_=chtmvm_tt_98
99,The Big Sick,2017,7.7,https://www.imdb.com/title/tt5462602/?pf_rd_m=A2FGELUUNOQJNL&pf_rd_p=2240084082&pf_rd_r=179NF635AX41PN9KBAJC&pf_rd_s=center-1&pf_rd_t=15506&pf_rd_i=moviemeter&ref_=chtmvm_tt_99
100,Ready Player One,2018,NA,https://www.imdb.com/title/tt1677720/?pf_rd_m=A2FGELUUNOQJNL&pf_rd_p=2240084082&pf_rd_r=179NF635AX41PN9KBAJC&pf_rd_s=center-1&pf_rd_t=15506&pf_rd_i=moviemeter&ref_=chtmvm_tt_100
